I-RSM15;78;23/10/2020 17:25
I-TBM4-SR;169;23/10/2020 14:55
I-TRENDM12;100;23/10/2020 14:54
I-BBM4;43;23/10/2020 13:43
I-Pitagoras;11;23/10/2020 13:15
I-BBM15-JG;-65;23/10/2020 13:04
I-BBM4;42;23/10/2020 10:02
I-RompR1S1v2;63;22/10/2020 17:30
I-RSM15;-126;22/10/2020 11:57
I-Pitagoras;-50;22/10/2020 11:57
I-CMM4v2;-97;22/10/2020 11:56
I-KTM3;71;22/10/2020 11:34
I-CMM4v2;-73;22/10/2020 10:47
I-RSM15;93;21/10/2020 17:25
I-BBM15-JG;-59;21/10/2020 13:43
I-FORCEM5;-62;21/10/2020 13:37
I-EVEREST;-68;21/10/2020 13:03
I-KTM3;-78;21/10/2020 11:38
I-RSM15;-130;21/10/2020 10:58
I-TBM4-SR;-113;21/10/2020 10:58
I-FORCEM5;-64;21/10/2020 10:19
I-Pitagoras;-76;21/10/2020 10:12
I-BBM15-JG;-9;20/10/2020 17:00
I-BBM4;-48;20/10/2020 14:16
I-FORCEM5;22;20/10/2020 14:16
I-RompR1S1v2;140;20/10/2020 13:36
I-BBM4;-95;20/10/2020 13:35
I-HongKong;-126;20/10/2020 13:35
I-TBM4-SR;-157;20/10/2020 13:35
I-CMM4v2;64;20/10/2020 10:42
I-BBM4;-40;20/10/2020 10:38
I-RSM15;-64;19/10/2020 15:36
I-CMM4v2;-25;19/10/2020 15:01
I-TRENDM12;-51;19/10/2020 14:57
I-RompR1S1v2;-31;19/10/2020 14:57
I-BBM4;-61;19/10/2020 12:16
I-TBM4-SR;-80;19/10/2020 10:43
I-HongKong;-97;19/10/2020 10:43
I-TRENDM12;-70;19/10/2020 10:36
I-BBM4;26;19/10/2020 10:35
I-CMM4v2;60;16/10/2020 17:30
I-PORTO;-65;16/10/2020 15:40
I-BBM15-JG;-17;16/10/2020 15:36
I-BBM15-JG;-70;16/10/2020 13:48
I-TBM4-SR;1;16/10/2020 12:08
I-BBM4;54;16/10/2020 11:21
I-TBM4-SR;-22;16/10/2020 10:56
I-CMM4v2;-104;15/10/2020 14:29
I-PORTO;-60;15/10/2020 13:24
I-RSM15;-106;15/10/2020 12:05
I-BBM4;64;15/10/2020 10:50
I-TBM4-SR;-54;15/10/2020 10:48
I-TBM4-SR;0;15/10/2020 10:24
I-EVEREST;-58;14/10/2020 16:45
I-BBM15-JG;38;14/10/2020 13:11
I-TBM4-SR;63;14/10/2020 13:10
I-HongKong;15;14/10/2020 12:59
I-RompR1S1v2;98;14/10/2020 10:43
I-HongKong;-92;14/10/2020 10:39
I-EVEREST;-106;14/10/2020 10:05
I-PORTO;48;14/10/2020 09:53
I-BBM4;-69;14/10/2020 09:53
I-TRENDM12;17;13/10/2020 14:49
I-EVEREST;-171;13/10/2020 14:00
I-CMM4v2;-106;13/10/2020 13:47
I-RSM15;-43;13/10/2020 12:55
I-BBM15-JG;-72;13/10/2020 12:54
I-RSM15;49;13/10/2020 11:42
I-TBM4-SR;76;13/10/2020 11:12
I-TBM4-SR;-52;13/10/2020 11:01
I-CMM4v2;-116;13/10/2020 11:01
I-EVEREST;108;13/10/2020 10:39
I-FORCEM5;24;13/10/2020 10:23
I-BBM4;72;13/10/2020 10:02
I-PORTO;47;13/10/2020 10:02
I-PORTO;-100;09/10/2020 12:55
I-TBM4-SR;-66;09/10/2020 11:45
I-EVEREST;-21;09/10/2020 11:42
I-TBM4-SR;75;09/10/2020 11:04
I-PORTO;-100;09/10/2020 12:55
I-TBM4-SR;-66;09/10/2020 11:45
I-EVEREST;-21;09/10/2020 11:42
I-TBM4-SR;75;09/10/2020 11:04
I-BBM15-JG;101;08/10/2020 17:20
I-FORCEM5;48;08/10/2020 15:05
I-RompR1S1v2;123;08/10/2020 12:40
I-BBM4;-121;08/10/2020 12:39
I-TRENDM12;25;08/10/2020 12:19
I-CMM4v2;-104;08/10/2020 11:11
I-TBM4-SR;-50;08/10/2020 10:39
I-BBM4;45;08/10/2020 10:30
I-TBM4-SR;-38;08/10/2020 10:22
I-FORCEM5;44;07/10/2020 14:49
I-PORTO;76;07/10/2020 12:01
I-CMM4v2;86;07/10/2020 11:48
I-PORTO;-94;07/10/2020 10:48
I-BBM4;78;07/10/2020 10:41
I-TBM4-SR;-43;07/10/2020 10:12
I-TBM4-SR;69;07/10/2020 09:36
I-FORCEM5;48;06/10/2020 16:07
I-RompR1S1v2;-100;06/10/2020 12:05
I-EVEREST;-130;06/10/2020 11:40
I-TBM4-SR;-82;06/10/2020 11:10
I-BBM4;48;06/10/2020 10:47
I-HongKong;90;06/10/2020 10:20
I-TBM4-SR;64;06/10/2020 09:56
I-HongKong;-93;06/10/2020 09:36
I-HongKong;-97;05/10/2020 10:12
I-BBM4;-106;05/10/2020 10:12
I-TBM4-SR;-32;05/10/2020 10:12
I-TBM4-SR;-57;05/10/2020 09:05
I-PORTO;-97;02/10/2020 11:51
I-TBM4-SR;-58;02/10/2020 10:41
I-BBM4;83;02/10/2020 10:37
I-TBM4-SR;-49;02/10/2020 10:34
I-BBM4;-77;02/10/2020 10:09
I-CMM4v2;-126;01/10/2020 14:53
I-BBM4;82;01/10/2020 10:02
I-TBM4-SR;50;01/10/2020 09:54
I-TBM4-SR;44;01/10/2020 09:12
I-TBM4-SR;-60;30/09/2020 09:16
I-TBM4-SR;6;30/09/2020 09:08
I-PORTO;-104;29/09/2020 12:44
I-BBM4;120;29/09/2020 11:46
I-HongKong;-110;29/09/2020 10:26
I-EVEREST;-126;29/09/2020 09:50
I-BBM4;89;29/09/2020 09:50
I-PORTO;-103;28/09/2020 14:02
I-TBM4-SR;57;28/09/2020 13:00
I-RompR1S1v2;-121;28/09/2020 11:36
I-BBM4;47;28/09/2020 10:56
I-BBM4;57;28/09/2020 10:06
I-PORTO;44;28/09/2020 10:01
I-CMM4v2;-111;25/09/2020 12:30
I-FORCEM5;49;25/09/2020 10:31
I-TBM4-SR;-60;25/09/2020 10:31
I-TBM4-SR;-48;25/09/2020 10:22
I-BBM4;-75;25/09/2020 09:41
I-BBM15-JG;-72;24/09/2020 15:20
I-TRENDM12;-22;24/09/2020 13:15
I-PORTO;62;24/09/2020 12:58
I-RompR1S1v2;39;24/09/2020 12:27
I-TBM4-SR;-68;24/09/2020 11:45
I-TBM4-SR;60;24/09/2020 10:38
I-BBM4;65;24/09/2020 10:01
I-BBM4;61;24/09/2020 09:14
I-FORCEM5;50;23/09/2020 16:06
I-CMM4v2;200;23/09/2020 15:50
I-CMM4v2;10;23/09/2020 13:29
I-TBM4-SR;-52;23/09/2020 11:20
I-TBM4-SR;53;23/09/2020 10:16
I-BBM4;84;23/09/2020 10:08
I-BBM15-JG;-76;22/09/2020 16:00
I-BBM4;3;22/09/2020 12:51
I-RSM15;45;22/09/2020 12:41
I-HongKong;65;22/09/2020 11:00
I-PORTO;68;22/09/2020 10:37
I-BBM4;-74;22/09/2020 10:19
I-HongKong;-86;22/09/2020 10:19
I-BBM4;65;22/09/2020 09:42
I-TBM4-SR;67;21/09/2020 10:32
I-BBM4;-69;21/09/2020 10:26
I-HongKong;15;21/09/2020 10:02
I-BBM15-JG;261;18/09/2020 17:20
I-FORCEM5;22;18/09/2020 14:31
I-CMM4v2;191;18/09/2020 13:05
I-RSM15;-164;18/09/2020 12:54
I-TBM4-SR;-18;18/09/2020 12:12
I-BBM4;56;18/09/2020 11:44
I-FORCEM5;-66;18/09/2020 10:24
I-BBM4;-76;18/09/2020 10:03
I-RSM15;-4;17/09/2020 16:30
I-TBM4-SR;22;17/09/2020 13:10
I-TBM4-SR;-42;17/09/2020 10:52
I-BBM4;78;17/09/2020 10:45
I-PORTO;-54;17/09/2020 10:05
I-PORTO;-78;16/09/2020 15:30
I-RSM15;-83;16/09/2020 15:25
I-BBM15-JG;-66;16/09/2020 15:02
I-CMM4v2;-15;16/09/2020 15:01
I-TBM4-SR;50;16/09/2020 12:44
I-BBM15-JG;-72;16/09/2020 12:23
I-TBM4-SR;-38;16/09/2020 12:20
I-EVEREST;129;16/09/2020 11:08
I-BBM4;48;16/09/2020 10:28
I-TBM4-SR;23;15/09/2020 13:10
I-BBM4;99;15/09/2020 12:05
I-EVEREST;160;15/09/2020 10:52
I-FORCEM5;35;15/09/2020 10:21
I-BBM4;72;15/09/2020 10:10
I-HongKong;50;15/09/2020 10:10
I-BBM15-JG;54;14/09/2020 17:20
I-RompR1S1v2;81;14/09/2020 12:08
I-TBM4-SR;35;14/09/2020 10:24
I-TBM4-SR;-42;14/09/2020 10:14
I-BBM4;-75;14/09/2020 10:06
I-PORTO;-82;11/09/2020 12:32
I-TBM4-SR;-49;11/09/2020 12:07
I-TBM4-SR;-47;11/09/2020 12:02
I-BBM4;56;11/09/2020 10:30
I-EVEREST;-106;11/09/2020 10:27
I-BBM15-JG;364;10/09/2020 16:33
I-CMM4v2;205;10/09/2020 15:24
I-TRENDM12;-35;10/09/2020 11:25
I-BBM4;59;10/09/2020 11:08
I-TBM4-SR;50;10/09/2020 10:59
I-TBM4-SR;-44;10/09/2020 10:35
I-PORTO;66;09/09/2020 12:44
I-TBM4-SR;51;09/09/2020 12:13
I-TRENDM12;-24;09/09/2020 10:34
I-FORCEM5;19;09/09/2020 10:26
I-RompR1S1v2;98;09/09/2020 10:26
I-TBM4-SR;-39;09/09/2020 10:17
I-BBM4;-74;09/09/2020 10:10
I-HongKong;-105;09/09/2020 10:10
I-BBM10-HA;-133;08/09/2020 12:18
I-CMM4v2;6;08/09/2020 12:14
I-HongKong;102;08/09/2020 11:12
I-TBM4-SR;73;08/09/2020 10:53
I-TBM4-SR;59;08/09/2020 10:43
I-BBM4;-82;08/09/2020 10:42
I-BBM4;-113;04/09/2020 10:55
I-TBM4-SR;101;04/09/2020 10:43
I-TBM4-SR;97;04/09/2020 10:30
I-IFR5-VM;-92;04/09/2020 09:26
I-HongKong;-103;04/09/2020 09:26
I-BBM4;-123;03/09/2020 12:08
I-BBM10-HA;-162;03/09/2020 11:49
I-TBM4-SR;-108;03/09/2020 10:40
I-IFR5-VM;-126;03/09/2020 10:40
I-TBM4-SR;-56;03/09/2020 09:56
D-ROMP-LD;-90;03/09/2020 09:24
I-RSM15;15;02/09/2020 16:30
I-IFR5-VM;-106;02/09/2020 11:48
I-BBM10-HA;-154;02/09/2020 10:29
I-BBM4;3;02/09/2020 10:15
D-ROMP-LD;130;02/09/2020 09:27
I-EVEREST;-130;02/09/2020 09:23
I-HongKong;-93;02/09/2020 09:22
I-BBM4;74;02/09/2020 09:15
I-TRENDM12;157;01/09/2020 17:30
I-BBM10-HA;-153;01/09/2020 10:35
I-BBM4;-68;01/09/2020 10:29
I-RSM15;90;31/08/2020 16:15
I-CMM4v2;-3;31/08/2020 16:06
I-RompR1S1v2;122;31/08/2020 10:46
I-HongKong;-74;31/08/2020 10:07
I-IFR5-VM;111;31/08/2020 10:03
I-BBM4;-80;31/08/2020 10:02
I-HongKong;46;31/08/2020 09:12
I-BBM4;-103;28/08/2020 13:11
I-HAWAII;-178;28/08/2020 11:55
I-TBM4-SR;-52;28/08/2020 11:49
I-IFR5-VM;12;28/08/2020 11:32
I-BBM4;0;28/08/2020 10:36
D-ROMP-LD;40;27/08/2020 11:14
I-IFR5-VM;-116;27/08/2020 10:17
I-BBM4;-90;27/08/2020 10:15
D-ROMP-LD;50;26/08/2020 14:34
I-FORCEM5;-86;26/08/2020 12:21
I-RompR1S1v2;117;26/08/2020 12:17
I-FORCEM5;48;26/08/2020 12:16
I-BBM10-HA;133;26/08/2020 12:10
I-CMM4v2;243;26/08/2020 12:09
I-HongKong;67;26/08/2020 11:10
I-TRENDM12;-30;26/08/2020 10:47
I-IFR5-VM;122;26/08/2020 10:15
I-BBM15-JG;-66;26/08/2020 10:13
I-HongKong;77;26/08/2020 10:13
I-BBM4;82;26/08/2020 10:10
I-HAWAII;-6;25/08/2020 16:35
I-RSM15;46;25/08/2020 15:06
I-EVEREST;112;25/08/2020 11:47
I-TBM4-SR;96;25/08/2020 10:40
I-HongKong;68;25/08/2020 10:25
I-IFR5-VM;-58;25/08/2020 09:46
I-HongKong;-56;25/08/2020 09:46
I-BBM4;-34;25/08/2020 09:40
I-RompR1S1v2;91;24/08/2020 17:10
I-TBM4-SR;72;24/08/2020 11:53
I-BBM4;72;24/08/2020 11:02
I-BBM15-JG;-79;21/08/2020 15:31
I-HAWAII;-34;21/08/2020 14:48
I-CMM4v2;9;21/08/2020 14:47
I-HongKong;12;21/08/2020 10:23
I-FORCEM5;-80;21/08/2020 10:22
I-BBM4;1;21/08/2020 10:09
I-IFR5-VM;103;21/08/2020 09:45
I-HAWAII;-147;20/08/2020 16:14
I-FORCEM5;61;20/08/2020 15:40
D-ROMP-LD;-60;20/08/2020 15:38
I-RSM15;-150;19/08/2020 15:21
I-HAWAII;144;19/08/2020 15:21
I-IFR5-VM;-132;19/08/2020 11:03
I-BBM4;-116;19/08/2020 11:02
I-EVEREST;107;19/08/2020 11:00
I-HongKong;92;19/08/2020 10:45
D-ROMP-LD;-60;19/08/2020 10:21
I-BBM4;102;19/08/2020 09:54
D-ROMP-LD;-80;18/08/2020 14:13
I-TBM4-SR;-45;18/08/2020 12:45
I-FORCEM5;-82;18/08/2020 11:08
I-BBM4;-118;18/08/2020 10:47
I-TRENDM12;-23;18/08/2020 10:43
I-TBM4-SR;-91;18/08/2020 09:50
I-BBM15-JG;361;17/08/2020 14:37
I-BBM4;-98;17/08/2020 14:29
I-CMM4v2;239;17/08/2020 13:26
I-HongKong;132;17/08/2020 11:48
I-BBM4;2;17/08/2020 11:07
I-CMM4v2;-97;17/08/2020 10:46
I-IFR5-VM;88;17/08/2020 10:35
I-TBM4-SR;-76;17/08/2020 10:20
I-HongKong;94;17/08/2020 10:20
I-BBM4;-110;14/08/2020 11:45
I-HongKong;-103;14/08/2020 10:32
I-IFR5-VM;94;14/08/2020 10:07
I-IFR5-VM;0;14/08/2020 10:07
I-HongKong;135;14/08/2020 10:01
I-BBM4;-70;13/08/2020 13:34
I-BBM10-HA;-161;13/08/2020 12:31
I-TBM4-SR;101;13/08/2020 12:12
I-TRENDM12;-107;13/08/2020 10:31
I-FORCEM5;-82;13/08/2020 10:31
I-IFR5-VM;-117;13/08/2020 10:21
I-TBM4-SR;-59;13/08/2020 10:18
I-HAWAII;135;12/08/2020 12:54
I-BBM10-HA;-80;12/08/2020 11:29
I-BBM4;163;12/08/2020 11:02
I-BBM4;8;12/08/2020 09:28
I-FORCEM5;40;11/08/2020 16:51
I-TRENDM12;26;11/08/2020 10:51
I-TBM4-SR;-46;11/08/2020 10:46
I-BBM4;110;11/08/2020 10:21
D-ROMP-LD;150;10/08/2020 14:50
I-TBM4-SR;-87;10/08/2020 12:43
I-BBM4;184;10/08/2020 11:51
I-TBM4-SR;93;10/08/2020 11:00
I-IFR5-VM;-126;10/08/2020 10:48
I-BBM4;-44;10/08/2020 09:58
I-FORCEM5;49;07/08/2020 14:30
I-CMM4v2;11;07/08/2020 14:26
I-RompR1S1v2;118;06/08/2020 13:15
I-BBM10-HA;112;06/08/2020 12:57
I-TRENDM12;23;06/08/2020 11:42
I-IFR5-VM;-120;06/08/2020 11:25
I-TBM4-SR;-106;06/08/2020 11:22
I-TBM4-SR;62;06/08/2020 10:41
I-BBM4;104;06/08/2020 09:29
I-BBM15-JG;-67;06/08/2020 09:19
I-FORCEM5;75;05/08/2020 12:47
I-BBM4;175;05/08/2020 12:42
I-TRENDM12;18;05/08/2020 12:38
I-RompR1S1v2;19;05/08/2020 10:23
I-BBM4;-100;05/08/2020 10:12
I-TBM4-SR;-87;05/08/2020 10:10
D-ROMP-LD;-85;05/08/2020 09:56
I-TBM4-SR;-118;04/08/2020 12:29
I-IFR5-VM;121;04/08/2020 12:09
D-ROMP-LD;50;04/08/2020 11:02
I-TBM4-SR;107;04/08/2020 10:59
I-FORCEM5;47;04/08/2020 10:55
I-BBM4;-90;04/08/2020 09:41
I-BBM4;72;03/08/2020 11:55
I-TBM4-SR;-101;03/08/2020 10:58
I-HongKong;-88;03/08/2020 10:55
I-BBM10-HA;118;03/08/2020 10:25
I-BBM4;147;03/08/2020 10:22
I-TBM4-SR;83;03/08/2020 10:19
I-CMM4v2;261;31/07/2020 15:15
I-HAWAII;139;31/07/2020 13:55
I-BBM4;-106;31/07/2020 12:59
I-RSM15;160;31/07/2020 12:59
I-FORCEM5;39;31/07/2020 10:37
I-IFR5-VM;-117;31/07/2020 10:35
I-EVEREST;140;31/07/2020 10:33
I-BBM10-HA;-150;30/07/2020 13:07
I-CMM4v2;-112;30/07/2020 12:22
I-RompR1S1v2;-92;30/07/2020 12:22
I-HAWAII;18;30/07/2020 12:20
I-BBM4;73;30/07/2020 10:35
D-ROMP-LD;55;30/07/2020 10:31
I-HAWAII;-91;29/07/2020 14:47
I-BBM4;1;29/07/2020 14:39
D-ROMP-LD;-10;29/07/2020 14:22
I-TRENDM12;26;29/07/2020 10:40
I-BBM4;-102;29/07/2020 10:10
I-HongKong;-101;29/07/2020 10:10
I-IFR5-VM;132;29/07/2020 10:10
I-EVEREST;-120;29/07/2020 10:10
I-TBM4-SR;-67;29/07/2020 10:02
I-TBM4-SR;-70;29/07/2020 09:15
I-HAWAII;-153;28/07/2020 15:57
D-ROMP-LD;50;28/07/2020 14:40
I-IFR5-VM;8;28/07/2020 11:55
I-BBM4;134;28/07/2020 10:35
I-FORCEM5;-88;28/07/2020 10:30
I-HongKong;-81;28/07/2020 10:14
I-BBM4;1;28/07/2020 10:10
I-IFR5-VM;-1;27/07/2020 12:01
I-IFR5-VM;-78;27/07/2020 10:27
I-PORTO;82;24/07/2020 12:55
I-PORTO;78;24/07/2020 11:49
I-PORTO;69;24/07/2020 11:19
I-BBM4;-102;24/07/2020 10:39
I-FORCEM5;44;24/07/2020 10:17
I-IFR5-VM;-55;24/07/2020 10:14
I-HongKong;69;24/07/2020 09:26
I-BBM15-JG;-60;23/07/2020 15:28
I-FORCEM5;48;23/07/2020 15:13
I-CMM4v2;201;23/07/2020 15:07
I-HAWAII;125;23/07/2020 15:03
I-RSM15;81;23/07/2020 11:36
I-IFR5-VM;125;23/07/2020 11:28
I-BBM10-HA;-161;23/07/2020 11:24
I-TRENDM12;-100;23/07/2020 11:19
I-HongKong;93;23/07/2020 10:32
I-CMM4v2;90;22/07/2020 15:25
I-RSM15;181;22/07/2020 14:10
I-BBM4-OBV;61;22/07/2020 12:24
I-BBM15-JG;-46;22/07/2020 12:21
I-PORTO;88;22/07/2020 11:49
I-TRENDM12;-36;22/07/2020 11:29
I-FORCEM5;-58;22/07/2020 11:28
I-BBM15-JG;-65;22/07/2020 11:25
I-CMM4v2;-98;22/07/2020 10:47
I-PORTO;-82;22/07/2020 10:47
I-IFR5-VM;9;22/07/2020 10:46
D-ROMP-LD;90;22/07/2020 09:16
I-RSM15;-20;21/07/2020 16:30
I-PORTO;96;21/07/2020 11:34
I-RompR1S1v2;-77;21/07/2020 11:21
I-HongKong;57;21/07/2020 10:33
I-BBM4;61;21/07/2020 10:03
I-BBM15-JG;187;20/07/2020 15:16
I-BBM10-HA;124;20/07/2020 13:38
I-PORTO;64;20/07/2020 13:35
I-BBM4;83;20/07/2020 10:33
I-IFR5-VM;-82;20/07/2020 10:33
I-PORTO;-63;17/07/2020 11:41
I-TBM4-SR;-58;17/07/2020 11:38
I-IFR5-VM;-86;17/07/2020 10:18
I-CMM4v2;-21;16/07/2020 17:02
I-FORCEM5;-49;16/07/2020 16:59
I-BBM10-HA;77;16/07/2020 16:45
I-HAWAII;140;16/07/2020 13:17
I-TBM4-SR;-52;16/07/2020 12:54
I-RSM15;99;16/07/2020 11:05
I-BBM4;-85;16/07/2020 11:02
I-HongKong;-81;16/07/2020 10:30
D-ROMP-LD;5;16/07/2020 09:12
I-RompR1S1v2;-111;15/07/2020 13:32
I-PORTO;65;15/07/2020 11:59
I-FORCEM5;70;15/07/2020 11:04
I-BBM15-JG;103;14/07/2020 15:21
I-PORTO;89;14/07/2020 14:41
I-TRENDM12;-33;14/07/2020 14:07
I-HAWAII;48;14/07/2020 11:26
D-ROMP-LD;5;14/07/2020 09:59
I-RSM15;120;13/07/2020 16:30
I-RompR1S1v2;-96;13/07/2020 15:30
I-PORTO;-63;13/07/2020 15:07
D-ROMP-LD;5;13/07/2020 09:05
I-TBM4-SR;25;10/07/2020 14:05
I-PORTO;-83;10/07/2020 10:35
I-BBM4;71;10/07/2020 09:49
I-IFR5-VM;-56;10/07/2020 09:12
I-HAWAII;-17;09/07/2020 16:35
I-BBM4;36;09/07/2020 14:21
I-BBM4-OBV;-13;09/07/2020 12:38
I-BBM4-OBV;-122;09/07/2020 12:19
I-BBM15-JG;-47;09/07/2020 11:50
I-BBM15-JG;-64;09/07/2020 11:30
I-IFR5-VM;12;09/07/2020 10:31
I-HongKong;68;09/07/2020 10:14
I-PORTO;-86;09/07/2020 10:14
I-BBM4;80;09/07/2020 09:40
D-ROMP-LD;5;09/07/2020 09:24
D-ROMP-LD;-80;09/07/2020 09:17
I-RompR1S1v2;222;08/07/2020 16:55
I-TBM4-SR;-49;08/07/2020 13:26
I-TRENDM12;61;08/07/2020 11:24
I-BBM10-HA;119;08/07/2020 11:15
I-IFR5-VM;-118;08/07/2020 10:22
I-BBM4;-63;08/07/2020 10:19
D-ROMP-LD;70;08/07/2020 09:30
I-CMM4v2;-102;07/07/2020 15:13
I-PORTO;-82;07/07/2020 14:47
I-BBM15-JG;8;07/07/2020 14:32
I-RompR1S1v2;137;07/07/2020 13:01
I-BBM4;-90;07/07/2020 12:38
I-PORTO;86;07/07/2020 11:12
D-ROMP-LD;65;07/07/2020 10:08
I-HAWAII;-40;06/07/2020 16:35
I-PORTO;-27;06/07/2020 12:53
D-ROMP-LD;75;06/07/2020 11:07
I-BBM4;-64;03/07/2020 15:25
I-TBM4-SR;52;03/07/2020 11:34
I-BBM10-HA;-86;03/07/2020 11:18
I-HAWAII;-132;03/07/2020 11:12
I-IFR5-VM;12;03/07/2020 10:52
I-HongKong;149;02/07/2020 11:30
D-ROMP-LD;0;02/07/2020 10:24
I-BBM4;-86;02/07/2020 09:30
I-RompR1S1v2;2;01/07/2020 16:55
I-PORTO;-72;01/07/2020 14:44
I-BBM4;45;01/07/2020 13:25
I-TRENDM12;-34;01/07/2020 11:50
I-BBM15-JG;8;01/07/2020 11:34
I-BBM10-HA;126;01/07/2020 11:11
I-TBM4-SR;102;01/07/2020 09:46
I-IFR5-VM;121;01/07/2020 09:36
I-BBM10-HA;-35;30/06/2020 14:42
I-TBM4-SR;40;30/06/2020 14:05
I-PORTO;-85;30/06/2020 13:53
I-TRENDM12;-16;30/06/2020 12:13
I-BBM4;114;30/06/2020 11:50
I-IFR5-VM;130;30/06/2020 10:11
I-BBM4;50;29/06/2020 12:24
I-PORTO;97;29/06/2020 11:15
I-BBM4;75;29/06/2020 10:42
I-CMM4v2;240;26/06/2020 17:30
I-BBM4-OBV;-123;26/06/2020 14:43
I-BBM4;-118;26/06/2020 12:20
I-BBM4;-98;26/06/2020 10:45
I-HongKong;56;26/06/2020 10:39
I-IFR5-VM;11;26/06/2020 10:32
I-TRENDM12;-97;25/06/2020 14:02
I-PORTO;-79;25/06/2020 13:24
I-PORTO;-79;25/06/2020 11:00
I-BBM15-JG;-61;25/06/2020 10:40
D-ROMP-LD;5;25/06/2020 09:26
I-BBM15-JG;154;24/06/2020 12:30
I-HAWAII;160;24/06/2020 12:13
I-BBM4;-117;24/06/2020 11:47
I-HongKong;118;24/06/2020 11:38
I-BBM15-JG;-64;24/06/2020 11:29
I-PORTO;-86;24/06/2020 10:58
I-IFR5-VM;129;24/06/2020 10:15
I-TBM4-SR;82;24/06/2020 10:15
I-BBM4;94;24/06/2020 10:01
I-RSM15;19;23/06/2020 16:30
I-BBM10-HA;-151;23/06/2020 14:32
I-TRENDM12;30;23/06/2020 12:20
I-PORTO;80;23/06/2020 10:20
I-HAWAII;155;22/06/2020 15:02
I-CMM4v2;234;22/06/2020 15:02
I-BBM10-HA;91;22/06/2020 14:29
I-PORTO;58;22/06/2020 10:17
I-PORTO;86;19/06/2020 17:13
I-FORCEM5;-87;19/06/2020 13:46
I-HAWAII;154;19/06/2020 13:18
I-PORTO;87;19/06/2020 13:14
I-HongKong;118;19/06/2020 10:45
I-AMM5-AW;128;19/06/2020 10:44
I-BBM4;25;19/06/2020 10:36
I-HAWAII;16;18/06/2020 16:35
I-RompR1S1v2;-121;18/06/2020 13:38
I-BBM4;270;18/06/2020 10:47
I-FORCEM5;63;18/06/2020 10:40
I-PORTO;-82;18/06/2020 10:19
I-PORTO;60;17/06/2020 16:48
I-TRENDM12;316;17/06/2020 14:26
I-BBM15-JG;48;17/06/2020 13:59
I-BBM10-HA;138;17/06/2020 13:52
I-EVEREST;-130;17/06/2020 11:55
I-AMM5-AW;-92;17/06/2020 11:50
I-HongKong;-78;17/06/2020 11:46
I-BBM4;105;17/06/2020 10:31
I-PORTO;114;17/06/2020 10:23
D-ROMP-LD;-5;17/06/2020 10:01
I-PORTO;-85;16/06/2020 16:33
I-RompR1S1v2;26;16/06/2020 13:55
D-ROMP-LD;5;16/06/2020 11:41
I-HongKong;95;16/06/2020 11:35
I-PORTO;-85;16/06/2020 10:48
I-AMM5-AW;123;16/06/2020 10:34
I-PORTO;112;16/06/2020 09:39
I-HongKong;195;15/06/2020 13:47
I-AMM5-AW;152;15/06/2020 10:44
I-HongKong;-77;15/06/2020 10:34
I-AMM5-AW;-89;12/06/2020 09:52
I-FORCEM5;-97;10/06/2020 15:07
I-CMM4v2;50;10/06/2020 14:08
I-BBM15-JG;107;10/06/2020 12:02
D-ROMP-LD;10;10/06/2020 11:12
I-PORTO;108;10/06/2020 10:36
I-TBM4-SR;118;10/06/2020 10:34
I-AMM5-AW;-70;10/06/2020 10:06
I-PORTO;-87;10/06/2020 09:55
I-EVEREST;-132;10/06/2020 09:55
I-IFR5-VM;114;10/06/2020 09:50
I-CMM4v2;48;09/06/2020 17:30
I-RSM15;-195;09/06/2020 11:54
I-BBM10-HA;-154;09/06/2020 10:49
I-PORTO;-85;09/06/2020 10:38
I-BBM4;-102;09/06/2020 10:16
I-RompR1S1v2;202;08/06/2020 16:55
I-BBM4;-108;08/06/2020 12:14
I-HongKong;-89;08/06/2020 10:44
I-EVEREST;-141;08/06/2020 10:14
I-PORTO;-85;08/06/2020 10:11
I-AMM5-AW;-102;08/06/2020 10:10
I-HongKong;-77;08/06/2020 10:09
D-ROMP-LD;65;08/06/2020 10:00
I-PORTO;44;05/06/2020 17:30
I-AMM5-AW;-102;05/06/2020 10:12
I-BBM4;-111;05/06/2020 09:31
I-PORTO;-53;04/06/2020 17:30
I-TBM4-SR;35;04/06/2020 13:07
I-Pitagoras;-55;04/06/2020 12:06
I-RPGAPM3;-155;04/06/2020 11:49
I-BBM4;107;04/06/2020 10:39
I-BBM4;39;04/06/2020 09:28
D-ROMP-LD;95;04/06/2020 09:15
I-FORCEM5;-86;03/06/2020 10:31
I-FORCEM5;79;03/06/2020 10:24
I-KTM3;-94;03/06/2020 10:13
I-BBM15-JG;188;03/06/2020 10:13
I-AMM5-AW;-104;03/06/2020 10:13
I-Pitagoras;-63;03/06/2020 10:01
I-IFR5-VM;-69;03/06/2020 09:19
I-RompR1S1v2;215;02/06/2020 16:55
I-EVEREST;-130;02/06/2020 11:06
I-AMM5-AW;-96;02/06/2020 11:00
I-BBM4;-98;02/06/2020 10:53
I-PORTO;-61;02/06/2020 10:38
I-Pitagoras;-38;02/06/2020 10:27
I-PORTO;-69;02/06/2020 10:11
I-BBM10-HA;135;01/06/2020 11:23
I-Pitagoras;-84;01/06/2020 11:12
I-BBM4;73;01/06/2020 10:30
I-IFR5-VM;12;01/06/2020 10:18
I-RPGAPM3;-101;01/06/2020 10:18
I-TBM4-SR;5;01/06/2020 10:18
I-AMM5-AW;-102;01/06/2020 10:18
D-ROMP-LD;5;01/06/2020 09:03
I-FORCEM5;57;29/05/2020 16:00
I-FORCEM5;65;29/05/2020 15:28
I-FORCEM5;40;29/05/2020 14:28
I-CMM4v2;272;29/05/2020 13:46
I-TBM4-SR;-81;29/05/2020 11:28
I-AMM5-AW;96;29/05/2020 10:43
I-IFR5-VM;-69;29/05/2020 10:31
I-KTM3;-106;29/05/2020 10:20
I-FORCEM5;37;28/05/2020 16:31
I-HAWAII;-149;28/05/2020 12:56
I-BBM4-OBV;131;28/05/2020 12:55
I-Pitagoras;102;28/05/2020 12:30
I-IFR5-VM;117;28/05/2020 11:34
I-RPGAPM3;-109;28/05/2020 11:32
I-KTM3;-104;28/05/2020 11:31
I-BBM4;25;28/05/2020 10:36
I-FORCEM5;-70;28/05/2020 10:31
I-AMM5-AW;-102;28/05/2020 10:18
I-Pitagoras;15;28/05/2020 10:11
I-EVEREST;-1;27/05/2020 12:31
I-TBM4-SR;158;27/05/2020 11:47
I-PORTO;88;27/05/2020 11:41
I-Pitagoras;-58;27/05/2020 11:41
I-KTM3;123;27/05/2020 11:41
I-AMM5-AW;21;27/05/2020 10:20
I-Pitagoras;15;27/05/2020 10:08
I-IFR5-VM;-113;27/05/2020 09:22
D-ROMP-LD;20;27/05/2020 09:04
I-PORTO;-85;26/05/2020 16:43
I-RPGAPM3;166;26/05/2020 16:43
I-PORTO;105;26/05/2020 12:13
I-FORCEM5;-67;26/05/2020 11:29
I-AMM5-AW;38;26/05/2020 11:22
I-Pitagoras;-36;26/05/2020 09:50
I-IFR5-VM;-68;26/05/2020 09:27
I-RompR1S1v2;96;25/05/2020 16:55
I-BBM4;-31;25/05/2020 12:59
I-Pitagoras;7;25/05/2020 12:58
I-EVEREST;-138;25/05/2020 12:31
I-PORTO;-84;25/05/2020 11:15
I-AMM5-AW;21;25/05/2020 10:01
I-CMM4v2;18;22/05/2020 16:53
I-PORTO;-82;22/05/2020 16:45
I-HAWAII;28;22/05/2020 16:35
I-TBM4-SR;10;22/05/2020 12:42
I-BBM4;-109;22/05/2020 10:45
I-AMM5-AW;97;22/05/2020 10:05
I-FORCEM5;-60;22/05/2020 10:05
I-PORTO;103;22/05/2020 10:00
I-KTM3;-108;22/05/2020 09:59
I-IFR5-VM;114;22/05/2020 09:57
I-Pitagoras;-48;22/05/2020 09:56
I-RompR1S1v2;27;21/05/2020 15:47
I-TBM4-SR;12;21/05/2020 13:15
I-TRENDM12;57;21/05/2020 12:00
I-FORCEM5;-78;21/05/2020 11:30
I-FORCEM5;44;21/05/2020 10:45
I-EVEREST;-136;21/05/2020 10:36
I-IFR5-VM;-103;21/05/2020 10:36
I-BBM4;277;21/05/2020 10:36
I-RPGAPM3;142;21/05/2020 10:34
I-AMM5-AW;-100;21/05/2020 10:33
I-PORTO;-81;21/05/2020 10:23
I-KTM3;94;21/05/2020 09:36
D-ROMP-LD;10;21/05/2020 09:05
I-PORTO;51;20/05/2020 17:30
I-BBM10-HA;-152;20/05/2020 13:11
I-RompR1S1v2;-122;20/05/2020 13:09
I-TBM4-SR;125;20/05/2020 13:03
I-EVEREST;-134;20/05/2020 11:20
I-BBM4;-112;20/05/2020 11:19
I-KTM3;-100;20/05/2020 10:55
I-PORTO;-81;20/05/2020 10:54
I-AMM5-AW;37;20/05/2020 10:35
I-Pitagoras;-48;20/05/2020 10:14
I-FORCEM5;-63;19/05/2020 16:11
I-TBM4-SR;-74;19/05/2020 12:24
I-BBM4;106;19/05/2020 11:17
I-BBM4-OBV;126;19/05/2020 11:13
I-AMM5-AW;96;19/05/2020 10:56
D-ROMP-LD;75;19/05/2020 10:46
I-BBM4;23;19/05/2020 10:08
I-Pitagoras;-23;19/05/2020 10:00
I-Pitagoras;106;19/05/2020 09:45
I-AMM5-AW;24;18/05/2020 10:53
I-PORTO;111;15/05/2020 17:18
I-RPGAPM3;19;15/05/2020 16:45
I-Pitagoras;6;15/05/2020 11:00
I-Pitagoras;106;15/05/2020 10:22
I-FORCEM5;41;14/05/2020 15:03
I-RPGAPM3;202;14/05/2020 14:20
I-FORCEM5;64;14/05/2020 10:41
I-AMM5-AW;-99;14/05/2020 10:32
I-Pitagoras;-38;14/05/2020 10:30
I-BBM4;-110;14/05/2020 09:33
I-PORTO;-32;13/05/2020 16:40
I-Pitagoras;-51;13/05/2020 11:59
I-KTM3;16;13/05/2020 11:30
D-ROMP-LD;70;13/05/2020 10:56
I-PORTO;-90;13/05/2020 10:32
I-FORCEM5;79;12/05/2020 15:16
I-PORTO;115;12/05/2020 14:25
I-RompR1S1v2;-121;12/05/2020 14:21
I-BBM4;22;12/05/2020 14:18
I-RPGAPM3;-70;12/05/2020 11:13
I-RPGAPM3;-100;12/05/2020 10:30
I-BBM4;19;12/05/2020 10:08
I-Pitagoras;11;12/05/2020 09:59
I-Pitagoras;100;12/05/2020 09:35
I-IFR5-VM;120;12/05/2020 09:35
I-PORTO;31;11/05/2020 17:30
I-EVEREST;318;11/05/2020 16:42
I-CMM4v2;-92;11/05/2020 14:09
I-HAWAII;-152;11/05/2020 14:09
I-Pitagoras;101;11/05/2020 11:15
I-PORTO;117;11/05/2020 11:15
I-BBM10-HA;-99;11/05/2020 11:14
I-BBM4;105;11/05/2020 10:58
I-Pitagoras;10;11/05/2020 10:17
I-FORCEM5;42;08/05/2020 16:34
I-BBM10-HA;89;08/05/2020 16:05
I-PORTO;113;08/05/2020 14:07
I-HAWAII;-147;08/05/2020 14:07
I-CMM4v2;23;08/05/2020 13:04
I-KTM3;-40;08/05/2020 12:12
I-TBM4-SR;-73;08/05/2020 11:25
I-Berlim;-88;08/05/2020 11:17
I-RPGAPM3;-97;08/05/2020 11:17
I-KTM3;-135;08/05/2020 11:17
I-BBM4;25;08/05/2020 10:21
I-Berlim;-160;08/05/2020 10:01
I-CMM4v2;-56;07/05/2020 14:10
I-FORCEM5;58;07/05/2020 12:40
I-CMM4v2;-1;07/05/2020 12:37
I-CMM4v2;-92;07/05/2020 10:31
I-BBM4;23;07/05/2020 10:13
I-BBM4;103;06/05/2020 13:44
I-Berlim;30;06/05/2020 13:00
I-HAWAII;187;06/05/2020 11:11
I-BBM10-HA;145;06/05/2020 11:11
I-CMM4v2;260;06/05/2020 11:04
I-Pitagoras;-145;06/05/2020 10:55
I-VOLRX;-142;06/05/2020 10:54
I-PNY-1TDP;-64;06/05/2020 10:47
I-PNY-1TDP;-62;06/05/2020 10:25
I-TBM4-SR;10;06/05/2020 10:14
I-FORCEM5;-74;05/05/2020 16:23
I-CMM4v2;37;05/05/2020 11:27
I-Pitagoras;19;05/05/2020 11:22
I-VOLRX;-75;05/05/2020 10:33
I-RPGAPM3;-76;05/05/2020 10:12
I-PORTO;113;05/05/2020 10:02
I-Pitagoras;92;05/05/2020 10:02
I-BBM4;50;04/05/2020 15:40
I-VOLRX;27;04/05/2020 11:34
I-AMM5-AW;34;04/05/2020 11:34
I-RPGAPM3;66;04/05/2020 10:34
I-CMM4v2;260;30/04/2020 15:57
I-Pitagoras;-149;30/04/2020 13:30
I-RPGAPM3;-92;30/04/2020 12:30
I-Pitagoras;21;30/04/2020 10:55
I-VOLRX;27;30/04/2020 10:52
I-BBM4;-107;30/04/2020 09:49
I-Pitagoras;48;29/04/2020 13:40
I-PORTO;-85;29/04/2020 13:35
I-Berlim;-58;29/04/2020 13:00
I-PNY-1TDP;-72;29/04/2020 11:41
I-RPGAPM3;-27;29/04/2020 11:41
I-TBM4-SR;-75;29/04/2020 11:41
I-Pitagoras;24;29/04/2020 11:13
I-RPGAPM3;-87;29/04/2020 10:57
I-PNY-1TDP;-63;29/04/2020 10:33
I-Berlim;104;29/04/2020 10:15
I-AMM5-AW;26;29/04/2020 10:14
I-BBM10-HA;144;29/04/2020 09:56
I-VOLRX;-130;29/04/2020 09:33
I-Berlim;-167;29/04/2020 09:32
I-BBM4;-91;29/04/2020 09:30
I-VOLRX;-142;28/04/2020 10:08
I-AMM5-AW;-102;28/04/2020 10:01
I-BBM4;-107;28/04/2020 10:01
I-CMM4v2;-73;27/04/2020 14:07
I-EVEREST;1;27/04/2020 12:22
I-RPGAPM3;-28;27/04/2020 10:55
I-EVEREST;-15;27/04/2020 10:26
I-RPGAPM3;-83;27/04/2020 10:13
I-Pitagoras;-112;27/04/2020 09:41
D-ROMP-LD;10;27/04/2020 09:27
I-Pitagoras;-132;24/04/2020 10:26
I-Berlim;-162;24/04/2020 10:26
I-VOLRX;39;24/04/2020 10:02
I-FORCEM5;39;23/04/2020 14:45
I-Berlim;77;23/04/2020 12:23
I-Berlim;-161;23/04/2020 11:36
I-Berlim;147;23/04/2020 10:55
I-PNY-1TDP;-69;23/04/2020 10:33
I-Berlim;6;23/04/2020 10:32
I-AMM5-AW;-101;23/04/2020 10:11
I-Berlim;105;23/04/2020 09:25
I-PNY-1TDP;86;23/04/2020 09:21
D-ROMP-LD;5;23/04/2020 09:06
I-TRENDM12;73;22/04/2020 17:14
I-HAWAII;-40;22/04/2020 16:35
I-RompR1S1v2;-124;22/04/2020 13:58
I-Pitagoras;23;22/04/2020 13:00
I-EVEREST;-133;22/04/2020 11:54
I-Berlim;-161;22/04/2020 11:00
I-PNY-1TDP;-63;22/04/2020 10:59
I-PNY-1TDP;-45;22/04/2020 10:35
I-BBM4;150;22/04/2020 09:59
I-VOLRX;163;22/04/2020 09:53
I-Berlim;112;22/04/2020 09:40
I-Berlim;69;22/04/2020 09:29
D-ROMP-LD;10;22/04/2020 09:05
I-CMM4v2;-100;20/04/2020 15:25
I-KTM3;-56;20/04/2020 14:39
I-KTM3;-120;20/04/2020 12:59
I-CMM4v2;16;17/04/2020 15:59
I-PORTO;63;17/04/2020 11:33
I-VOLRX;165;17/04/2020 11:30
I-CMM4v2;-103;17/04/2020 11:15
I-AMM5-AW;35;17/04/2020 10:51
I-PORTO;116;17/04/2020 10:42
I-RPGAPM3;37;17/04/2020 10:17
I-BBM10-HA;146;16/04/2020 14:56
I-Berlim;69;16/04/2020 11:49
I-CMM4v2;258;16/04/2020 11:13
I-EVEREST;252;16/04/2020 10:57
I-VOLRX;169;16/04/2020 10:54
I-TBM4-SR;157;16/04/2020 10:36
I-Berlim;87;16/04/2020 10:34
I-TRENDM12;-97;16/04/2020 10:30
I-AMM5-AW;32;16/04/2020 10:20
I-PNY-1TDP;-68;16/04/2020 10:10
I-BBM4;-108;16/04/2020 09:33
I-PNY-1TDP;-70;16/04/2020 09:32
D-ROMP-LD;-75;16/04/2020 09:02
I-VOLRX;163;15/04/2020 13:33
I-RPGAPM3;42;15/04/2020 11:35
I-RPGAPM3;66;15/04/2020 10:49
I-CMM4v2;-101;15/04/2020 10:36
I-KTM3;258;14/04/2020 16:46
I-PORTO;122;14/04/2020 13:47
D-ROMP-LD;75;14/04/2020 12:12
I-RompR1S1v2;138;14/04/2020 11:22
I-BBM4;30;14/04/2020 10:30
I-VOLRX;25;14/04/2020 10:01
I-AMM5-AW;26;14/04/2020 10:00
I-PNY-1TDP;84;13/04/2020 12:24
I-Berlim;-138;13/04/2020 12:05
I-BBM4;14;13/04/2020 10:51
I-Berlim;-168;13/04/2020 10:33
I-VOLRX;-142;13/04/2020 10:32
I-RPGAPM3;89;13/04/2020 10:17
I-Berlim;53;13/04/2020 10:14
I-IFR5-VM;133;13/04/2020 10:13
I-PNY-1TDP;83;13/04/2020 10:05
I-BBM4;39;13/04/2020 10:00
I-TBM4-SR;-77;13/04/2020 09:41
D-ROMP-LD;-75;13/04/2020 09:11
I-PNY-1TDP;108;09/04/2020 12:10
I-FORCEM5;21;09/04/2020 11:37
I-EVEREST;-165;09/04/2020 11:32
I-Berlim;-158;09/04/2020 11:29
I-PNY-1TDP;-64;09/04/2020 11:28
I-Berlim;54;09/04/2020 11:19
I-VOLRX;170;09/04/2020 10:03
I-AMM5-AW;-99;09/04/2020 09:57
I-BBM4;100;09/04/2020 09:32
D-ROMP-LD;50;09/04/2020 09:03
I-CMM4v2;274;08/04/2020 15:40
I-PNY-1TDP;-64;08/04/2020 13:18
I-Berlim;125;08/04/2020 12:23
I-Pitagoras;-1;08/04/2020 11:40
I-Berlim;48;08/04/2020 11:18
I-Berlim;6;08/04/2020 10:50
I-CMM4v2;-105;08/04/2020 10:31
I-AMM5-AW;40;08/04/2020 10:07
I-BBM4;151;08/04/2020 10:00
I-Pitagoras;110;08/04/2020 09:42
D-ROMP-LD;-65;08/04/2020 09:06
I-RPGAPM3;5;07/04/2020 10:53
I-AMM5-AW;-100;07/04/2020 10:25
I-CMM4v2;84;06/04/2020 11:18
I-PORTO;-84;06/04/2020 10:41
I-AMM5-AW;-99;06/04/2020 10:15
I-CMM4v2;291;03/04/2020 11:15
I-BBM4-OBV;-126;03/04/2020 10:49
I-VOLRX;-115;03/04/2020 10:15
I-CMM4v2;-97;03/04/2020 10:08
I-BBM4;150;03/04/2020 09:28
I-TRENDM12;78;02/04/2020 11:49
I-FORCEM5;-54;02/04/2020 11:42
I-EVEREST;433;02/04/2020 11:40
I-CMM4v2;295;02/04/2020 11:38
I-VOLRX;-110;02/04/2020 11:34
I-BBM4;-58;02/04/2020 11:31
I-BBM4;109;02/04/2020 09:52
D-ROMP-LD;-90;02/04/2020 09:03
I-VOLRX;-104;01/04/2020 13:07
I-RPGAPM3;63;01/04/2020 11:49
I-RPGAPM3;66;01/04/2020 10:32
I-AMM5-AW;25;01/04/2020 10:00
I-FORCEM5;62;31/03/2020 16:20
I-CMM4v2;270;31/03/2020 16:17
I-TRENDM12;-102;31/03/2020 13:22
I-Berlim;96;31/03/2020 11:51
I-BBM4;108;31/03/2020 11:25
I-BBM4-OBV;128;31/03/2020 11:20
I-CMM4v2;-96;31/03/2020 11:17
I-Berlim;79;31/03/2020 11:11
I-VOLRX;-106;31/03/2020 10:53
I-Berlim;132;31/03/2020 10:53
I-CMM4v2;-100;31/03/2020 10:46
I-IFR5-VM;11;31/03/2020 10:44
I-BBM4;22;31/03/2020 10:10
D-ROMP-LD;40;31/03/2020 09:03
I-CMM4v2;-103;30/03/2020 15:12
I-VOLRX;-80;30/03/2020 11:22
I-Berlim;141;30/03/2020 10:12
I-Pitagoras;-90;30/03/2020 10:12
I-Berlim;138;30/03/2020 09:10
I-VOLRX;-89;27/03/2020 12:43
I-CMM4v2;-98;27/03/2020 12:00
I-Berlim;-84;27/03/2020 11:32
I-VOLRX;-129;27/03/2020 11:30
I-RPGAPM3;-47;27/03/2020 11:00
I-VOLRX;-7;26/03/2020 12:06
I-Berlim;-85;26/03/2020 11:58
I-Berlim;129;26/03/2020 11:54
I-Berlim;-83;26/03/2020 11:18
I-EVEREST;-157;26/03/2020 10:30
D-ROMP-LD;60;26/03/2020 09:40
I-Berlim;-82;25/03/2020 11:22
I-VOLRX;-134;25/03/2020 11:22
I-Pitagoras;5;25/03/2020 10:55
I-Berlim;123;25/03/2020 10:12
I-Pitagoras;108;25/03/2020 10:11
I-Berlim;-83;25/03/2020 09:25
D-ROMP-LD;5;25/03/2020 09:15
I-CMM4v2;272;11/03/2020 13:44
I-VOLRX;-81;11/03/2020 11:24
I-RPGAPM3;74;11/03/2020 10:32
I-AMM5-AW;27;11/03/2020 10:09
I-VOLRX;217;10/03/2020 11:51
I-Berlim;112;10/03/2020 11:50
I-Berlim;101;10/03/2020 11:36
I-Berlim;100;10/03/2020 11:28
I-VOLRX;-136;10/03/2020 11:04
I-AMM5-AW;36;10/03/2020 10:09
I-VOLRX;-2;10/03/2020 10:05
I-BBM4;104;10/03/2020 09:48
I-VOLRX;-77;06/03/2020 13:04
I-Berlim;-100;06/03/2020 11:48
I-Berlim;-106;06/03/2020 10:45
I-RPGAPM3;87;06/03/2020 10:36
I-AMM5-AW;28;06/03/2020 10:08
I-FORCEM5;64;05/03/2020 16:47
I-TRENDM12;262;05/03/2020 15:15
I-CMM4v2;272;05/03/2020 14:37
I-VOLRX;-136;05/03/2020 12:39
I-RPGAPM3;-59;05/03/2020 11:50
I-Berlim;-109;05/03/2020 11:10
I-RPGAPM3;-60;05/03/2020 11:04
I-CMM4v2;-95;05/03/2020 10:10
I-BBM4;-57;05/03/2020 09:59
I-CMM4v2;-99;04/03/2020 15:05
I-CMM4v2;-99;04/03/2020 12:42
I-PORTO;184;04/03/2020 11:38
I-CMM4v2;287;04/03/2020 11:35
I-VOLRX;215;04/03/2020 11:35
D-ROMP-LD;-95;04/03/2020 09:06
I-FORCEM5;38;03/03/2020 12:05
I-BBM4-OBV;129;03/03/2020 11:45
I-BBM4;23;03/03/2020 11:10
I-RPGAPM3;-61;03/03/2020 11:10
I-Berlim;-111;03/03/2020 10:26
I-KTM3;35;03/03/2020 10:23
I-BBM4;152;03/03/2020 09:50
I-TBM4-SR;173;03/03/2020 09:41
I-IFR5-VM;155;03/03/2020 09:41
I-Berlim;92;03/03/2020 09:39
I-Pitagoras;113;03/03/2020 09:37
I-PORTO;195;02/03/2020 16:43
I-Berlim;-111;02/03/2020 12:39
I-VOLRX;216;02/03/2020 11:19
I-CMM4v2;271;02/03/2020 11:03
I-Pitagoras;-144;02/03/2020 11:00
I-Berlim;-109;02/03/2020 10:57
I-AMM5-AW;92;02/03/2020 10:00
D-ROMP-LD;5;02/03/2020 09:09
I-RPGAPM3;-73;28/02/2020 10:11
I-AMM5-AW;36;28/02/2020 09:51
I-PORTO;-115;27/02/2020 13:07
I-Pitagoras;6;27/02/2020 12:40
I-VOLRX;-129;27/02/2020 11:01
I-AMM5-AW;26;27/02/2020 10:25
I-Pitagoras;109;27/02/2020 10:05
I-PORTO;-118;27/02/2020 09:56
I-FORCEM5;59;26/02/2020 13:12
I-Berlim;67;21/02/2020 13:08
I-Pitagoras;-122;21/02/2020 11:46
I-KTM3;-78;21/02/2020 11:45
I-IFR5-VM;-146;21/02/2020 10:12
I-AMM5-AW;-67;21/02/2020 10:09
I-AMM15v2;-71;21/02/2020 10:03
I-RompR1S1v2;17;20/02/2020 17:30
I-CMM4v2;1;20/02/2020 17:30
I-Pitagoras;-132;20/02/2020 12:47
I-VOLRX;-130;20/02/2020 12:44
I-Berlim;-101;20/02/2020 12:42
D-ROMP-LD;-45;20/02/2020 11:08
I-BBM4;37;20/02/2020 11:03
I-FORCEM5;37;20/02/2020 10:21
I-AMM5-AW;35;20/02/2020 10:14
I-BBM4;2;20/02/2020 10:14
I-TBM4-SR;74;20/02/2020 10:14
I-Pitagoras;14;20/02/2020 10:13
I-TRENDM12;219;19/02/2020 17:30
I-Berlim;-74;19/02/2020 13:30
I-CMM4v2;203;19/02/2020 12:51
I-BBM10-HA;-11;19/02/2020 10:55
I-BBM4;-101;19/02/2020 10:30
I-Pitagoras;-114;19/02/2020 10:25
I-FORCEM5;40;19/02/2020 10:24
I-IFR5-VM;21;19/02/2020 10:22
I-TBM4-SR;12;19/02/2020 10:10
I-KTM3;19;19/02/2020 10:08
I-Berlim;91;19/02/2020 10:05
I-CMM4v2;194;18/02/2020 14:00
I-VOLRX;-122;18/02/2020 13:23
I-Pitagoras;20;18/02/2020 12:10
I-BBM10-HA;-64;18/02/2020 11:40
I-TRENDM12;-71;18/02/2020 11:31
I-RSM15;-5;18/02/2020 11:22
I-Berlim;-101;18/02/2020 11:00
I-KTM3;-103;18/02/2020 10:57
I-VOLRX;-120;18/02/2020 10:49
I-AMM5-AW;30;18/02/2020 10:26
I-Berlim;49;18/02/2020 10:21
I-CMM4v2;-27;17/02/2020 17:30
I-IFR5-VM;-145;17/02/2020 16:24
I-BBM10-HA;-54;17/02/2020 14:15
I-Pitagoras;-93;17/02/2020 12:10
I-KTM3;-103;17/02/2020 12:04
I-VOLRX;-99;17/02/2020 12:04
I-Berlim;-102;17/02/2020 11:38
I-RPGAPM3;-61;17/02/2020 11:35
I-TBM4-SR;30;17/02/2020 11:22
I-BBM4;2;17/02/2020 10:24
I-BBM15-JG;-59;14/02/2020 14:44
I-RSM15;235;14/02/2020 14:16
I-Berlim;-101;14/02/2020 11:38
I-KTM3;21;14/02/2020 11:08
I-Pitagoras;33;14/02/2020 11:03
I-AMM5-AW;86;14/02/2020 10:56
I-IFR5-VM;156;14/02/2020 10:36
I-CMM4v2;-101;14/02/2020 10:23
I-FORCEM5;40;14/02/2020 10:23
I-Pitagoras;83;14/02/2020 10:06
I-BBM4;95;14/02/2020 10:05
I-Berlim;79;14/02/2020 10:01
I-VOLRX;70;13/02/2020 14:21
I-CMM4v2;-65;13/02/2020 12:52
I-Berlim;73;13/02/2020 11:58
I-Pitagoras;98;13/02/2020 11:52
I-Berlim;117;13/02/2020 10:53
I-Pitagoras;13;13/02/2020 10:45
D-ROMP-LD;45;13/02/2020 10:07
I-FORCEM5;33;12/02/2020 15:28
I-BBM4;-99;12/02/2020 14:59
I-RPGAPM3;-61;12/02/2020 12:25
I-AMM15v2;-73;12/02/2020 10:40
I-RPGAPM3;-60;12/02/2020 10:27
I-AMM5-AW;27;12/02/2020 10:22
I-VOLRX;2;12/02/2020 10:20
D-ROMP-LD;25;12/02/2020 09:17
I-CMM4v2;124;11/02/2020 17:30
I-Pitagoras;-143;11/02/2020 11:58
I-BBM4;-98;11/02/2020 11:57
I-Berlim;-100;11/02/2020 11:55
I-Berlim;-99;11/02/2020 11:28
I-KTM3;-94;11/02/2020 11:26
I-TBM4-SR;-71;11/02/2020 11:01
I-IFR5-VM;-43;11/02/2020 11:01
I-Pitagoras;18;11/02/2020 10:44
I-RPGAPM3;61;11/02/2020 10:36
I-RompR1S1v2;-63;11/02/2020 10:21
I-Berlim;44;11/02/2020 10:07
I-BBM4;311;10/02/2020 14:30
I-BBM10-HA;-54;10/02/2020 13:28
I-TBM4-SR;-63;10/02/2020 11:50
I-AMM15v2;-75;10/02/2020 11:49
I-AMM5-AW;97;10/02/2020 11:08
I-Pitagoras;13;10/02/2020 11:06
I-Berlim;99;10/02/2020 10:44
I-Pitagoras;99;10/02/2020 10:39
I-IFR5-VM;-35;10/02/2020 10:22
I-Berlim;50;10/02/2020 10:20
I-KTM3;-98;10/02/2020 10:11
D-ROMP-LD;-30;10/02/2020 09:56
I-TBM4-SR;43;07/02/2020 12:43
I-ROMPMM-LL;5;07/02/2020 12:26
I-VOLRX;-126;07/02/2020 12:09
I-KTM3;85;07/02/2020 10:35
I-AMM5-AW;40;07/02/2020 10:28
I-BBM4;93;07/02/2020 10:17
I-AMM15v2;37;07/02/2020 10:14
I-IFR5-VM;-7;07/02/2020 10:03
I-CMM4v2;346;06/02/2020 16:35
I-ROMPMM-LL;109;06/02/2020 16:24
I-BBM10-HA;146;06/02/2020 16:02
I-VOLRX;274;06/02/2020 15:32
I-BBM10-HA;-54;06/02/2020 14:11
I-RSM15;0;06/02/2020 13:50
I-TBM4-SR;103;06/02/2020 11:41
D-ROMP-LD;60;06/02/2020 11:32
I-AMM5-AW;37;06/02/2020 10:27
I-BBM4;21;06/02/2020 10:18
I-VOLRX;244;05/02/2020 17:25
I-RSM15;34;05/02/2020 15:39
D-ROMP-LD;5;05/02/2020 12:27
I-AMM5-AW;-81;05/02/2020 10:04
I-AMM15v2;-65;05/02/2020 09:43
I-VOLRX;93;04/02/2020 17:25
I-TRENDM12;41;04/02/2020 13:50
I-AMM5-AW;100;04/02/2020 12:45
I-RSM15;-2;04/02/2020 11:46
I-RPGAPM3;65;04/02/2020 11:17
I-AMM15v2;36;04/02/2020 11:14
I-RPGAPM3;-52;04/02/2020 10:31
I-RompR1S1v2;89;03/02/2020 17:30
I-BBM10-HA;-11;03/02/2020 15:10
I-ROMPMM-LL;-84;03/02/2020 13:41
I-CMM4v2;195;03/02/2020 13:41
I-BBM4;-98;03/02/2020 11:46
I-IFR5-VM;-99;03/02/2020 11:40
I-AMM5-AW;-96;03/02/2020 10:36
I-TBM4-SR;36;03/02/2020 10:22
I-BBM4;23;03/02/2020 10:22
I-Pitagoras;-44;03/02/2020 10:04
I-CMM4v2;-95;31/01/2020 16:33
I-FORCEM5;-87;31/01/2020 15:54
I-ROMPMM-LL;11;31/01/2020 13:25
I-ROMPMM-LL;12;31/01/2020 12:57
I-CMM4v2;-97;31/01/2020 12:30
I-VOLRX;-140;31/01/2020 12:06
I-KTM3;23;31/01/2020 11:45
I-CMM4v2;-95;31/01/2020 11:30
I-AMM5-AW;-85;31/01/2020 10:10
I-ROMPMM-LL;5;30/01/2020 12:23
I-Pitagoras;-44;30/01/2020 12:18
I-ROMPMM-LL;2;30/01/2020 11:26
I-RPGAPM3;-61;30/01/2020 10:44
I-AMM5-AW;25;30/01/2020 10:35
I-AMM15v2;-66;30/01/2020 09:55
I-ROMPMM-LL;4;29/01/2020 12:02
I-RSM15;4;29/01/2020 11:35
I-KTM3;86;29/01/2020 11:00
I-BBM4;91;29/01/2020 10:50
I-TBM4-SR;37;29/01/2020 10:20
I-RPGAPM3;49;29/01/2020 10:18
I-IFR5-VM;33;29/01/2020 10:15
I-RPGAPM3;-59;29/01/2020 10:01
D-ROMP-LD;60;29/01/2020 09:47
I-Pitagoras;-47;29/01/2020 09:17
I-BBM10-HA;20;28/01/2020 16:51
I-CMM4v2;179;28/01/2020 16:39
I-VOLRX;-126;28/01/2020 12:25
I-TBM4-SR;40;28/01/2020 12:00
I-KTM3;43;28/01/2020 12:00
I-BBM4-OBV;40;28/01/2020 11:48
I-Pitagoras;111;28/01/2020 11:35
D-ROMP-LD;-30;28/01/2020 11:27
I-RompR1S1v2;1;28/01/2020 10:36
I-FORCEM5;51;28/01/2020 10:31
I-IFR5-VM;130;28/01/2020 10:18
I-BBM4;-99;28/01/2020 10:08
I-VOLRX;-143;27/01/2020 12:51
I-AMM5-AW;-100;27/01/2020 10:08
I-AMM15v2;-61;27/01/2020 09:44
I-BBM10-HA;-54;24/01/2020 16:57
I-AMM5-AW;191;24/01/2020 12:45
I-VOLRX;-127;24/01/2020 12:18
I-KTM3;20;24/01/2020 11:45
I-BBM4;90;24/01/2020 10:11
I-AMM15v2;36;24/01/2020 09:35
I-IFR5-VM;-3;24/01/2020 09:12
I-FORCEM5;55;23/01/2020 16:20
I-TRENDM12;200;23/01/2020 15:25
I-BBM15-JG;116;23/01/2020 15:24
I-BBM10-HA;146;23/01/2020 15:22
I-VOLRX;276;23/01/2020 15:14
I-FORCEM5;-69;23/01/2020 12:13
I-ROMPMM-LL;-86;23/01/2020 12:13
I-RSM15;55;23/01/2020 12:13
I-BBM15-JG;-47;23/01/2020 11:30
I-FORCEM5;36;23/01/2020 10:10
I-BBM4;-83;23/01/2020 10:10
I-TBM4-SR;-64;23/01/2020 10:06
D-ROMP-LD;65;23/01/2020 09:45
I-CMM4v2;35;22/01/2020 17:30
I-VOLRX;-45;22/01/2020 17:25
I-IFR5-VM;-53;22/01/2020 17:20
I-FORCEM5;-30;22/01/2020 15:48
I-BBM4;-38;22/01/2020 15:40
I-RSM15;1;22/01/2020 14:06
I-SkyDiving-JG;-30;22/01/2020 13:36
I-Pitagoras;10;22/01/2020 12:25
I-KTM3;19;22/01/2020 10:43
I-RPGAPM3;20;22/01/2020 10:32
I-RSM15;152;21/01/2020 17:30
I-CMM4v2;155;21/01/2020 16:51
I-ROMPMM-LL;47;21/01/2020 16:20
I-FORCEM5;-34;21/01/2020 15:07
I-VOLRX;-88;21/01/2020 14:52
I-BBM10-HA;-8;21/01/2020 14:42
I-SkyDiving-JG;1;21/01/2020 13:20
I-BBM4;72;21/01/2020 10:31
I-Pitagoras;112;21/01/2020 10:31
D-ROMP-LD;60;21/01/2020 10:25
I-FORCEM5;39;21/01/2020 10:22
I-FORCEM5;-35;21/01/2020 10:16
I-BBM4-OBV;-4;20/01/2020 15:29
I-SkyDiving-JG;-65;20/01/2020 14:20
I-BBM10-HA;-11;20/01/2020 14:13
I-Pitagoras;54;20/01/2020 10:56
I-VOLRX;-2;20/01/2020 10:50
I-Pitagoras;50;20/01/2020 10:45
I-IFR5-VM;-65;20/01/2020 10:36
I-AMM5-AW;-64;20/01/2020 10:34
I-CMM4v2;66;17/01/2020 17:30
I-FORCEM5;28;17/01/2020 16:04
I-Pitagoras;13;17/01/2020 13:40
I-KTM3;18;17/01/2020 12:59
I-BBM15-JG;112;17/01/2020 11:24
I-IFR5-VM;-39;17/01/2020 10:05
I-ROMPMM-LL;-85;16/01/2020 16:53
I-ROMPMM-LL;4;16/01/2020 15:44
I-FORCEM5;39;16/01/2020 15:25
I-CMM4v2;-102;16/01/2020 15:15
D-ROMP-LD;5;16/01/2020 11:56
I-TRENDM12;3;16/01/2020 11:45
I-RSM15;2;16/01/2020 11:34
I-BBM4;70;16/01/2020 10:50
I-FORCEM5;37;16/01/2020 10:45
I-TBM4-SR;36;16/01/2020 10:38
I-RPGAPM3;-3;16/01/2020 10:18
I-BBM10-HA;-11;15/01/2020 15:07
I-ROMPMM-LL;45;15/01/2020 13:24
I-Pitagoras;-75;15/01/2020 12:21
I-SkyDiving-JG;-77;15/01/2020 12:21
I-KTM3;-88;15/01/2020 12:21
I-BBM4;-88;15/01/2020 12:20
I-ROMPMM-LL;4;15/01/2020 12:12
I-IFR5-VM;120;15/01/2020 10:41
I-RSM15;34;15/01/2020 10:29
I-CMM4v2;-93;15/01/2020 10:26
I-VOLRX;-91;14/01/2020 16:10
I-SkyDiving-JG;1;14/01/2020 15:26
I-RSM15;3;14/01/2020 13:41
I-VOLRX;-1;14/01/2020 11:45
I-TBM4-SR;37;14/01/2020 11:34
I-KTM3;43;14/01/2020 11:31
I-TRENDM12;-58;14/01/2020 11:30
I-Pitagoras;111;14/01/2020 10:55
I-IFR5-VM;-58;14/01/2020 10:52
I-BBM4;68;14/01/2020 10:47
I-FORCEM5;30;14/01/2020 10:44
D-ROMP-LD;75;14/01/2020 09:04
I-CMM4v2;51;13/01/2020 17:30
I-RompR1S1v2;100;13/01/2020 17:30
I-SkyDiving-JG;-76;13/01/2020 11:44
I-IFR5-VM;-118;13/01/2020 11:40
I-BBM4;-97;13/01/2020 10:30
I-KTM3;-91;13/01/2020 10:29
D-ROMP-LD;60;13/01/2020 09:15
I-ROMPMM-LL;102;10/01/2020 17:30
I-VOLRX;209;10/01/2020 17:25
I-IFR5-VM;120;10/01/2020 16:30
I-SkyDiving-JG;105;10/01/2020 16:15
I-CMM4v2;-118;10/01/2020 14:55
I-BBM4;111;10/01/2020 14:07
I-BBM10-HA;-60;10/01/2020 11:39
I-RPGAPM3;33;10/01/2020 11:37
I-BBM4;-70;10/01/2020 10:59
I-VOLRX;-103;10/01/2020 10:47
I-KTM3;-85;10/01/2020 10:33
I-TBM4-SR;-60;10/01/2020 10:31
I-RSM15;1;10/01/2020 10:18
I-ROMPMM-LL;4;09/01/2020 17:25
I-VOLRX;118;09/01/2020 17:25
I-BBM10-HA;6;09/01/2020 15:55
I-ROMPMM-LL;49;09/01/2020 14:24
I-KTM3;123;09/01/2020 12:49
I-CMM4v2;-88;09/01/2020 11:12
I-BBM4;120;09/01/2020 11:12
I-RPGAPM3;49;09/01/2020 11:09
I-TRENDM12;-94;09/01/2020 11:00
I-BBM4;-119;09/01/2020 10:35
D-ROMP-LD;5;09/01/2020 09:10
I-CMM4v2;6;08/01/2020 17:23
I-CMM4v2;165;08/01/2020 12:41
I-VOLRX;274;08/01/2020 12:39
I-SkyDiving-JG;-136;08/01/2020 12:36
I-KTM3;145;08/01/2020 12:06
I-ROMPMM-LL;27;08/01/2020 12:04
D-ROMP-LD;5;08/01/2020 11:48
I-BBM4-OBV;153;08/01/2020 11:16
I-IFR5-VM;121;08/01/2020 11:04
I-SkyDiving-JG;98;08/01/2020 11:03
I-TRENDM12;-74;08/01/2020 10:50
I-BBM4;106;08/01/2020 10:50
I-BBM10-HA;-55;08/01/2020 10:46
I-BBM10-HA;18;08/01/2020 10:12
I-BBM4;-99;08/01/2020 09:39
I-TBM4-SR;-66;08/01/2020 09:38
I-RSM15;66;07/01/2020 15:10
I-TRENDM12;-92;07/01/2020 15:09
I-Pitagoras;3;07/01/2020 13:00
I-BBM10-HA;-1;07/01/2020 11:38
I-ROMPMM-LL;-23;07/01/2020 11:25
I-CMM4v2;165;07/01/2020 11:07
I-IFR5-VM;120;07/01/2020 10:13
I-BBM4;107;07/01/2020 10:12
I-KTM3;26;07/01/2020 10:09
I-CMM4v2;-116;06/01/2020 12:42
I-TRENDM12;-100;06/01/2020 12:40
I-BBM4;93;06/01/2020 12:22
I-ROMPMM-LL;-102;06/01/2020 12:20
I-RompR1S1v2;-55;06/01/2020 12:09
I-BBM10-HA;118;06/01/2020 11:46
I-KTM3;-84;06/01/2020 11:40
I-Pitagoras;-118;06/01/2020 11:27
I-RPGAPM3;-66;06/01/2020 10:05
I-IFR5-VM;-114;06/01/2020 10:05
I-Pitagoras;112;03/01/2020 10:20
I-RPGAPM3;41;03/01/2020 10:10
I-IFR5-VM;-121;03/01/2020 10:04
I-CMM4v2;119;02/01/2020 17:30
I-BBM4;-118;02/01/2020 11:12
I-KTM3;-88;02/01/2020 10:38
D-ROMP-LD;-75;02/01/2020 09:40
